<application>
  <component name="UpdatesConfigurable">
    <enabledExternalComponentSources>
      <item value="Android SDK" />
    </enabledExternalComponentSources>
    <option name="externalUpdateChannels">
      <map>
        <entry key="Android SDK" value="Stable Channel" />
      </map>
    </option>
    <ignoredBuildNumbers>
      <item value="191.8026.42.35.5791312" />
      <item value="191.8026.42.35.6010548" />
      <item value="193.5233.102.40.6137316" />
      <item value="192.7142.36.36.6186006" />
    </ignoredBuildNumbers>
    <knownExternalComponentSources>
      <item value="Android SDK" />
    </knownExternalComponentSources>
    <option name="LAST_BUILD_CHECKED" value="AI-193.6911.18.40.6514223" />
    <option name="LAST_TIME_CHECKED" value="1595582814970" />
  </component>
</application>