<keymap version="1" name="Eclipse copy" parent="Eclipse">
  <action id="EditSource">
    <keyboard-shortcut first-keystroke="shift ctrl e" />
  </action>
  <action id="FindNext" />
  <action id="FindUsages">
    <keyboard-shortcut first-keystroke="f3" />
  </action>
  <action id="GotoDeclaration">
    <mouse-shortcut keystroke="control button1" />
    <keyboard-shortcut first-keystroke="f12" />
  </action>
  <action id="GotoFile" />
  <action id="OpenModuleSettings">
    <keyboard-shortcut first-keystroke="shift ctrl e" />
  </action>
  <action id="ReformatCode">
    <keyboard-shortcut first-keystroke="ctrl k" second-keystroke="ctrl d" />
  </action>
  <action id="ReplaceInPath">
    <keyboard-shortcut first-keystroke="shift ctrl r" />
  </action>
  <action id="UpdateRunningApplication" />
  <action id="Vcs.EditSource">
    <keyboard-shortcut first-keystroke="shift ctrl e" />
  </action>
  <action id="XDebugger.JumpToSource">
    <keyboard-shortcut first-keystroke="shift ctrl e" />
  </action>
  <action id="android.deploy.ApplyChanges">
    <keyboard-shortcut first-keystroke="ctrl f10" />
  </action>
  <action id="android.deploy.CodeSwap">
    <keyboard-shortcut first-keystroke="ctrl alt f10" />
  </action>
</keymap>