<profile version="1.0">
  <option name="myName" value="Project Default" />
  <inspection_tool class="AccessorsWereOverridden" enabled="false" level="WARNING" enabled_by_default="false" />
  <inspection_tool class="AddOperatorModifier" enabled="false" level="INFORMATION" enabled_by_default="false" />
  <inspection_tool class="AddVarianceModifier" enabled="false" level="INFORMATION" enabled_by_default="false" />
  <inspection_tool class="AndroidLintStringFormatMatches" enabled="false" level="ERROR" enabled_by_default="false" />
  <inspection_tool class="ArrayInDataClass" enabled="false" level="WEAK WARNING" enabled_by_default="false" />
  <inspection_tool class="AssociatedTypeMismatch" enabled="false" level="WARNING" enabled_by_default="false" />
  <inspection_tool class="BooleanLiteralArgument" enabled="false" level="INFO" enabled_by_default="false" />
  <inspection_tool class="CallDealloc" enabled="false" level="WARNING" enabled_by_default="false" />
  <inspection_tool class="CanBeParameter" enabled="false" level="WARNING" enabled_by_default="false" />
  <inspection_tool class="CanBePrimaryConstructorProperty" enabled="false" level="WARNING" enabled_by_default="false" />
  <inspection_tool class="CanBeVal" enabled="false" level="WARNING" enabled_by_default="false" />
  <inspection_tool class="CanSealedSubClassBeObject" enabled="false" level="WEAK WARNING" enabled_by_default="false" />
  <inspection_tool class="CascadeIf" enabled="false" level="INFO" enabled_by_default="false" />
  <inspection_tool class="ClassName" enabled="false" level="WEAK WARNING" enabled_by_default="false" />
  <inspection_tool class="ComplexRedundantLet" enabled="false" level="INFO" enabled_by_default="false" />
  <inspection_tool class="ConflictingExtensionProperty" enabled="false" level="WARNING" enabled_by_default="false" />
  <inspection_tool class="ConstPropertyName" enabled="false" level="WEAK WARNING" enabled_by_default="false" />
  <inspection_tool class="ConstantConditionIf" enabled="false" level="WEAK WARNING" enabled_by_default="false" />
  <inspection_tool class="ControlFlowWithEmptyBody" enabled="false" level="WARNING" enabled_by_default="false" />
  <inspection_tool class="ConvertCallChainIntoSequence" enabled="false" level="INFO" enabled_by_default="false" />
  <inspection_tool class="ConvertLambdaToReference" enabled="false" level="INFORMATION" enabled_by_default="false" />
  <inspection_tool class="ConvertNaNEquality" enabled="false" level="WARNING" enabled_by_default="false" />
  <inspection_tool class="ConvertPairConstructorToToFunction" enabled="false" level="INFORMATION" enabled_by_default="false" />
  <inspection_tool class="ConvertReferenceToLambda" enabled="false" level="INFORMATION" enabled_by_default="false" />
  <inspection_tool class="ConvertSecondaryConstructorToPrimary" enabled="false" level="WARNING" enabled_by_default="false" />
  <inspection_tool class="ConvertToStringTemplate" enabled="false" level="INFO" enabled_by_default="false" />
  <inspection_tool class="ConvertTryFinallyToUseCall" enabled="false" level="WEAK WARNING" enabled_by_default="false" />
  <inspection_tool class="ConvertTwoComparisonsToRangeCheck" enabled="false" level="INFO" enabled_by_default="false" />
  <inspection_tool class="CopyWithoutNamedArguments" enabled="false" level="WEAK WARNING" enabled_by_default="false" />
  <inspection_tool class="DanglingJavadoc" enabled="false" level="WARNING" enabled_by_default="false" />
  <inspection_tool class="DataClassPrivateConstructor" enabled="false" level="WARNING" enabled_by_default="false" />
  <inspection_tool class="DeferredIsResult" enabled="false" level="WEAK WARNING" enabled_by_default="false" />
  <inspection_tool class="DeferredResultUnused" enabled="false" level="WARNING" enabled_by_default="false" />
  <inspection_tool class="DelegationToVarProperty" enabled="false" level="WARNING" enabled_by_default="false" />
  <inspection_tool class="DeprecatedCallableAddReplaceWith" enabled="false" level="INFO" enabled_by_default="false" />
  <inspection_tool class="DeprecatedGradleDependency" enabled="false" level="WARNING" enabled_by_default="false" />
  <inspection_tool class="DestructuringWrongName" enabled="false" level="WARNING" enabled_by_default="false" />
  <inspection_tool class="DifferentKotlinGradleVersion" enabled="false" level="WARNING" enabled_by_default="false" />
  <inspection_tool class="DifferentStdlibGradleVersion" enabled="false" level="WARNING" enabled_by_default="false" />
  <inspection_tool class="DuplicateAttribute" enabled="false" level="WARNING" enabled_by_default="false" />
  <inspection_tool class="EmptyRange" enabled="false" level="WARNING" enabled_by_default="false" />
  <inspection_tool class="EnumEntryName" enabled="false" level="WEAK WARNING" enabled_by_default="false" />
  <inspection_tool class="EqualsOrHashCode" enabled="false" level="WARNING" enabled_by_default="false" />
  <inspection_tool class="ExplicitThis" enabled="false" level="INFORMATION" enabled_by_default="false" />
  <inspection_tool class="FakeJvmFieldConstant" enabled="false" level="WARNING" enabled_by_default="false" />
  <inspection_tool class="FoldInitializerAndIfToElvis" enabled="false" level="INFO" enabled_by_default="false" />
  <inspection_tool class="ForEachParameterNotUsed" enabled="false" level="WEAK WARNING" enabled_by_default="false" />
  <inspection_tool class="FunctionName" enabled="false" level="WEAK WARNING" enabled_by_default="false" />
  <inspection_tool class="FunctionWithLambdaExpressionBody" enabled="false" level="WEAK WARNING" enabled_by_default="false" />
  <inspection_tool class="GradleKotlinxCoroutinesDeprecation" enabled="false" level="ERROR" enabled_by_default="false" />
  <inspection_tool class="HasPlatformType" enabled="false" level="WEAK WARNING" enabled_by_default="false" />
  <inspection_tool class="HidesClassScope" enabled="false" level="WARNING" enabled_by_default="false" />
  <inspection_tool class="IfThenToElvis" enabled="false" level="INFO" enabled_by_default="false" />
  <inspection_tool class="IfThenToSafeAccess" enabled="false" level="INFO" enabled_by_default="false" />
  <inspection_tool class="IllegalIdentifier" enabled="false" level="ERROR" enabled_by_default="false" />
  <inspection_tool class="ImplementationHasNoInterface" enabled="false" level="WARNING" enabled_by_default="false" />
  <inspection_tool class="ImplicitNullableNothingType" enabled="false" level="WEAK WARNING" enabled_by_default="false" />
  <inspection_tool class="ImplicitThis" enabled="false" level="INFORMATION" enabled_by_default="false" />
  <inspection_tool class="InterfaceHasNoImplementation" enabled="false" level="WARNING" enabled_by_default="false" />
  <inspection_tool class="IntroduceWhenSubject" enabled="false" level="WEAK WARNING" enabled_by_default="false" />
  <inspection_tool class="JavaCollectionsStaticMethod" enabled="false" level="WEAK WARNING" enabled_by_default="false" />
  <inspection_tool class="JavaCollectionsStaticMethodOnImmutableList" enabled="false" level="WARNING" enabled_by_default="false" />
  <inspection_tool class="JavaDoc" enabled="false" level="WARNING" enabled_by_default="false">
    <option name="TOP_LEVEL_CLASS_OPTIONS">
      <value>
        <option name="ACCESS_JAVADOC_REQUIRED_FOR" value="none" />
        <option name="REQUIRED_TAGS" value="" />
      </value>
    </option>
    <option name="INNER_CLASS_OPTIONS">
      <value>
        <option name="ACCESS_JAVADOC_REQUIRED_FOR" value="none" />
        <option name="REQUIRED_TAGS" value="" />
      </value>
    </option>
    <option name="METHOD_OPTIONS">
      <value>
        <option name="ACCESS_JAVADOC_REQUIRED_FOR" value="none" />
        <option name="REQUIRED_TAGS" value="@return@param@throws or @exception" />
      </value>
    </option>
    <option name="FIELD_OPTIONS">
      <value>
        <option name="ACCESS_JAVADOC_REQUIRED_FOR" value="none" />
        <option name="REQUIRED_TAGS" value="" />
      </value>
    </option>
    <option name="IGNORE_DEPRECATED" value="false" />
    <option name="IGNORE_JAVADOC_PERIOD" value="true" />
    <option name="IGNORE_DUPLICATED_THROWS" value="false" />
    <option name="IGNORE_POINT_TO_ITSELF" value="false" />
    <option name="myAdditionalJavadocTags" value="" />
  </inspection_tool>
  <inspection_tool class="JavaMapForEach" enabled="false" level="WEAK WARNING" enabled_by_default="false" />
  <inspection_tool class="JavadocReference" enabled="false" level="ERROR" enabled_by_default="false" />
  <inspection_tool class="JoinDeclarationAndAssignment" enabled="false" level="WEAK WARNING" enabled_by_default="false" />
  <inspection_tool class="KDocUnresolvedReference" enabled="false" level="WARNING" enabled_by_default="false" />
  <inspection_tool class="KeyValueCoding" enabled="false" level="WARNING" enabled_by_default="false" />
  <inspection_tool class="KotlinCovariantEquals" enabled="false" level="WARNING" enabled_by_default="false" />
  <inspection_tool class="KotlinDeprecation" enabled="false" level="WARNING" enabled_by_default="false" />
  <inspection_tool class="KotlinDoubleNegation" enabled="false" level="WEAK WARNING" enabled_by_default="false" />
  <inspection_tool class="KotlinEqualsBetweenInconvertibleTypes" enabled="false" level="WARNING" enabled_by_default="false" />
  <inspection_tool class="KotlinInternalInJava" enabled="false" level="ERROR" enabled_by_default="false" />
  <inspection_tool class="KotlinInvalidBundleOrProperty" enabled="false" level="ERROR" enabled_by_default="false" />
  <inspection_tool class="KotlinRedundantOverride" enabled="false" level="WEAK WARNING" enabled_by_default="false" />
  <inspection_tool class="KotlinThrowableNotThrown" enabled="false" level="WARNING" enabled_by_default="false" />
  <inspection_tool class="KotlinUnusedImport" enabled="false" level="WARNING" enabled_by_default="false" />
  <inspection_tool class="LastArgumentMustBeNull" enabled="false" level="WARNING" enabled_by_default="false" />
  <inspection_tool class="LateinitVarOverridesLateinitVar" enabled="false" level="WARNING" enabled_by_default="false" />
  <inspection_tool class="LeakingThis" enabled="false" level="WARNING" enabled_by_default="false" />
  <inspection_tool class="LiftReturnOrAssignment" enabled="false" level="INFO" enabled_by_default="false" />
  <inspection_tool class="LocalVariableName" enabled="false" level="WEAK WARNING" enabled_by_default="false" />
  <inspection_tool class="LoopToCallChain" enabled="false" level="INFORMATION" enabled_by_default="false" />
  <inspection_tool class="MainFunctionReturnUnit" enabled="false" level="WARNING" enabled_by_default="false" />
  <inspection_tool class="MapGetWithNotNullAssertionOperator" enabled="false" level="INFO" enabled_by_default="false" />
  <inspection_tool class="MayBeConstant" enabled="false" level="WEAK WARNING" enabled_by_default="false" />
  <inspection_tool class="MemberVisibilityCanBePrivate" enabled="false" level="INFO" enabled_by_default="false" />
  <inspection_tool class="MethodIsLaterInTheScope" enabled="false" level="WARNING" enabled_by_default="false" />
  <inspection_tool class="MigrateDiagnosticSuppression" enabled="false" level="WARNING" enabled_by_default="false" />
  <inspection_tool class="MoveLambdaOutsideParentheses" enabled="false" level="WEAK WARNING" enabled_by_default="false" />
  <inspection_tool class="MoveSuspiciousCallableReferenceIntoParentheses" enabled="false" level="WEAK WARNING" enabled_by_default="false" />
  <inspection_tool class="MoveVariableDeclarationIntoWhen" enabled="false" level="WEAK WARNING" enabled_by_default="false" />
  <inspection_tool class="NestedLambdaShadowedImplicitParameter" enabled="false" level="WEAK WARNING" enabled_by_default="false" />
  <inspection_tool class="NoAttributeForProperty" enabled="false" level="WARNING" enabled_by_default="false" />
  <inspection_tool class="NoClassDefinition" enabled="false" level="WARNING" enabled_by_default="false" />
  <inspection_tool class="NoGetterOrSetter" enabled="false" level="WARNING" enabled_by_default="false" />
  <inspection_tool class="NotImplementedMethods" enabled="false" level="WARNING" enabled_by_default="false" />
  <inspection_tool class="NotImplementsProtocol" enabled="false" level="WARNING" enabled_by_default="false" />
  <inspection_tool class="NotInHierarchyMessage" enabled="false" level="WARNING" enabled_by_default="false" />
  <inspection_tool class="NotReleasedValue" enabled="false" level="WARNING" enabled_by_default="false" />
  <inspection_tool class="NotVisibleClass" enabled="false" level="WARNING" enabled_by_default="false" />
  <inspection_tool class="NullChecksToSafeCall" enabled="false" level="WEAK WARNING" enabled_by_default="false" />
  <inspection_tool class="NullableBooleanElvis" enabled="false" level="INFO" enabled_by_default="false" />
  <inspection_tool class="OCLegacyObjCLiteral" enabled="false" level="WARNING" enabled_by_default="false" />
  <inspection_tool class="OCNotLocalizedString" enabled="false" level="WARNING" enabled_by_default="false" />
  <inspection_tool class="OCNotReleasedIvar" enabled="false" level="WARNING" enabled_by_default="false" />
  <inspection_tool class="ObjectLiteralToLambda" enabled="false" level="INFO" enabled_by_default="false" />
  <inspection_tool class="ObjectPropertyName" enabled="false" level="WEAK WARNING" enabled_by_default="false" />
  <inspection_tool class="ObsoleteExperimentalCoroutines" enabled="false" level="ERROR" enabled_by_default="false" />
  <inspection_tool class="OptionalExpectation" enabled="false" level="INFORMATION" enabled_by_default="false" />
  <inspection_tool class="OverriddenAttributeMismatch" enabled="false" level="WARNING" enabled_by_default="false" />
  <inspection_tool class="OverriddenTypeMismatch" enabled="false" level="WARNING" enabled_by_default="false" />
  <inspection_tool class="OverridingDeprecatedMember" enabled="false" level="WARNING" enabled_by_default="false" />
  <inspection_tool class="PackageDirectoryMismatch" enabled="false" level="INFO" enabled_by_default="false" />
  <inspection_tool class="PackageName" enabled="false" level="WEAK WARNING" enabled_by_default="false" />
  <inspection_tool class="PlatformExtensionReceiverOfInline" enabled="false" level="WARNING" enabled_by_default="false" />
  <inspection_tool class="PrivateCategoryShouldBeNearImplementation" enabled="false" level="WARNING" enabled_by_default="false" />
  <inspection_tool class="PrivatePropertyName" enabled="false" level="WEAK WARNING" enabled_by_default="false" />
  <inspection_tool class="PropertyAndIvarTypeMismatch" enabled="false" level="WARNING" enabled_by_default="false" />
  <inspection_tool class="PropertyName" enabled="false" level="WEAK WARNING" enabled_by_default="false" />
  <inspection_tool class="ProtectedInFinal" enabled="false" level="WEAK WARNING" enabled_by_default="false" />
  <inspection_tool class="RecursiveEqualsCall" enabled="false" level="WARNING" enabled_by_default="false" />
  <inspection_tool class="RecursivePropertyAccessor" enabled="false" level="WARNING" enabled_by_default="false" />
  <inspection_tool class="RedundantAsync" enabled="false" level="WEAK WARNING" enabled_by_default="false" />
  <inspection_tool class="RedundantCompanionReference" enabled="false" level="WARNING" enabled_by_default="false" />
  <inspection_tool class="RedundantElseInIf" enabled="false" level="INFORMATION" enabled_by_default="false" />
  <inspection_tool class="RedundantEmptyInitializerBlock" enabled="false" level="INFO" enabled_by_default="false" />
  <inspection_tool class="RedundantEnumConstructorInvocation" enabled="false" level="WEAK WARNING" enabled_by_default="false" />
  <inspection_tool class="RedundantExplicitType" enabled="false" level="WARNING" enabled_by_default="false" />
  <inspection_tool class="RedundantGetter" enabled="false" level="WEAK WARNING" enabled_by_default="false" />
  <inspection_tool class="RedundantIf" enabled="false" level="WEAK WARNING" enabled_by_default="false" />
  <inspection_tool class="RedundantLambdaArrow" enabled="false" level="WEAK WARNING" enabled_by_default="false" />
  <inspection_tool class="RedundantModalityModifier" enabled="false" level="WARNING" enabled_by_default="false" />
  <inspection_tool class="RedundantObjectTypeCheck" enabled="false" level="INFORMATION" enabled_by_default="false" />
  <inspection_tool class="RedundantRequireNotNullCall" enabled="false" level="WEAK WARNING" enabled_by_default="false" />
  <inspection_tool class="RedundantReturnLabel" enabled="false" level="WEAK WARNING" enabled_by_default="false" />
  <inspection_tool class="RedundantRunCatching" enabled="false" level="WEAK WARNING" enabled_by_default="false" />
  <inspection_tool class="RedundantSamConstructor" enabled="false" level="WARNING" enabled_by_default="false" />
  <inspection_tool class="RedundantSemicolon" enabled="false" level="WARNING" enabled_by_default="false" />
  <inspection_tool class="RedundantSetter" enabled="false" level="WEAK WARNING" enabled_by_default="false" />
  <inspection_tool class="RedundantSuspendModifier" enabled="false" level="WARNING" enabled_by_default="false" />
  <inspection_tool class="RedundantUnitExpression" enabled="false" level="WARNING" enabled_by_default="false" />
  <inspection_tool class="RedundantUnitReturnType" enabled="false" level="WARNING" enabled_by_default="false" />
  <inspection_tool class="RedundantVisibilityModifier" enabled="false" level="WARNING" enabled_by_default="false" />
  <inspection_tool class="RedundantWith" enabled="false" level="WEAK WARNING" enabled_by_default="false" />
  <inspection_tool class="ReleasingOfAssignProperties" enabled="false" level="WARNING" enabled_by_default="false" />
  <inspection_tool class="RemoveCurlyBracesFromTemplate" enabled="false" level="WEAK WARNING" enabled_by_default="false" />
  <inspection_tool class="RemoveEmptyClassBody" enabled="false" level="INFO" enabled_by_default="false" />
  <inspection_tool class="RemoveEmptyParenthesesFromAnnotationEntry" enabled="false" level="WEAK WARNING" enabled_by_default="false" />
  <inspection_tool class="RemoveEmptyParenthesesFromLambdaCall" enabled="false" level="INFO" enabled_by_default="false" />
  <inspection_tool class="RemoveEmptyPrimaryConstructor" enabled="false" level="WEAK WARNING" enabled_by_default="false" />
  <inspection_tool class="RemoveEmptySecondaryConstructorBody" enabled="false" level="WEAK WARNING" enabled_by_default="false" />
  <inspection_tool class="RemoveExplicitSuperQualifier" enabled="false" level="WEAK WARNING" enabled_by_default="false" />
  <inspection_tool class="RemoveExplicitTypeArguments" enabled="false" level="WEAK WARNING" enabled_by_default="false" />
  <inspection_tool class="RemoveForLoopIndices" enabled="false" level="WARNING" enabled_by_default="false" />
  <inspection_tool class="RemoveRedundantBackticks" enabled="false" level="WARNING" enabled_by_default="false" />
  <inspection_tool class="RemoveRedundantCallsOfConversionMethods" enabled="false" level="WARNING" enabled_by_default="false" />
  <inspection_tool class="RemoveRedundantQualifierName" enabled="false" level="WARNING" enabled_by_default="false" />
  <inspection_tool class="RemoveRedundantSpreadOperator" enabled="false" level="WARNING" enabled_by_default="false" />
  <inspection_tool class="RemoveSetterParameterType" enabled="false" level="WARNING" enabled_by_default="false" />
  <inspection_tool class="RemoveSingleExpressionStringTemplate" enabled="false" level="WARNING" enabled_by_default="false" />
  <inspection_tool class="RemoveToStringInStringTemplate" enabled="false" level="WEAK WARNING" enabled_by_default="false" />
  <inspection_tool class="ReplaceArrayEqualityOpWithArraysEquals" enabled="false" level="WARNING" enabled_by_default="false" />
  <inspection_tool class="ReplaceArrayOfWithLiteral" enabled="false" level="WEAK WARNING" enabled_by_default="false" />
  <inspection_tool class="ReplaceAssertBooleanWithAssertEquality" enabled="false" level="WEAK WARNING" enabled_by_default="false" />
  <inspection_tool class="ReplaceAssociateFunction" enabled="false" level="WEAK WARNING" enabled_by_default="false" />
  <inspection_tool class="ReplaceCallWithBinaryOperator" enabled="false" level="WEAK WARNING" enabled_by_default="false" />
  <inspection_tool class="ReplaceGetOrSet" enabled="false" level="INFO" enabled_by_default="false" />
  <inspection_tool class="ReplaceGuardClauseWithFunctionCall" enabled="false" level="INFORMATION" enabled_by_default="false" />
  <inspection_tool class="ReplaceJavaStaticMethodWithKotlinAnalog" enabled="false" level="WEAK WARNING" enabled_by_default="false" />
  <inspection_tool class="ReplaceManualRangeWithIndicesCalls" enabled="false" level="INFO" enabled_by_default="false" />
  <inspection_tool class="ReplaceNegatedIsEmptyWithIsNotEmpty" enabled="false" level="WEAK WARNING" enabled_by_default="false" />
  <inspection_tool class="ReplacePutWithAssignment" enabled="false" level="WEAK WARNING" enabled_by_default="false" />
  <inspection_tool class="ReplaceRangeStartEndInclusiveWithFirstLast" enabled="false" level="WEAK WARNING" enabled_by_default="false" />
  <inspection_tool class="ReplaceRangeToWithUntil" enabled="false" level="WEAK WARNING" enabled_by_default="false" />
  <inspection_tool class="ReplaceSizeCheckWithIsNotEmpty" enabled="false" level="WEAK WARNING" enabled_by_default="false" />
  <inspection_tool class="ReplaceSizeZeroCheckWithIsEmpty" enabled="false" level="WEAK WARNING" enabled_by_default="false" />
  <inspection_tool class="ReplaceStringFormatWithLiteral" enabled="false" level="INFORMATION" enabled_by_default="false" />
  <inspection_tool class="ReplaceSubstringWithDropLast" enabled="false" level="INFORMATION" enabled_by_default="false" />
  <inspection_tool class="ReplaceSubstringWithIndexingOperation" enabled="false" level="INFORMATION" enabled_by_default="false" />
  <inspection_tool class="ReplaceSubstringWithSubstringAfter" enabled="false" level="INFORMATION" enabled_by_default="false" />
  <inspection_tool class="ReplaceSubstringWithSubstringBefore" enabled="false" level="INFORMATION" enabled_by_default="false" />
  <inspection_tool class="ReplaceSubstringWithTake" enabled="false" level="INFORMATION" enabled_by_default="false" />
  <inspection_tool class="ReplaceToStringWithStringTemplate" enabled="false" level="INFORMATION" enabled_by_default="false" />
  <inspection_tool class="ReplaceToWithInfixForm" enabled="false" level="WEAK WARNING" enabled_by_default="false" />
  <inspection_tool class="ReplaceWithEnumMap" enabled="false" level="WARNING" enabled_by_default="false" />
  <inspection_tool class="ReplaceWithOperatorAssignment" enabled="false" level="WEAK WARNING" enabled_by_default="false" />
  <inspection_tool class="SafeCastWithReturn" enabled="false" level="WEAK WARNING" enabled_by_default="false" />
  <inspection_tool class="ScopeFunctionConversion" enabled="false" level="INFORMATION" enabled_by_default="false" />
  <inspection_tool class="SelfAssignment" enabled="false" level="WARNING" enabled_by_default="false" />
  <inspection_tool class="SelfReferenceConstructorParameter" enabled="false" level="WARNING" enabled_by_default="false" />
  <inspection_tool class="SetterBackingFieldAssignment" enabled="false" level="WARNING" enabled_by_default="false" />
  <inspection_tool class="SetterForReadonlyProperty" enabled="false" level="WARNING" enabled_by_default="false" />
  <inspection_tool class="SimpleRedundantLet" enabled="false" level="WARNING" enabled_by_default="false" />
  <inspection_tool class="SimplifiableCall" enabled="false" level="WEAK WARNING" enabled_by_default="false" />
  <inspection_tool class="SimplifiableCallChain" enabled="false" level="WEAK WARNING" enabled_by_default="false" />
  <inspection_tool class="SimplifyAssertNotNull" enabled="false" level="INFORMATION" enabled_by_default="false" />
  <inspection_tool class="SimplifyBooleanWithConstants" enabled="false" level="WEAK WARNING" enabled_by_default="false" />
  <inspection_tool class="SimplifyNegatedBinaryExpression" enabled="false" level="WEAK WARNING" enabled_by_default="false" />
  <inspection_tool class="SimplifyWhenWithBooleanConstantCondition" enabled="false" level="WEAK WARNING" enabled_by_default="false" />
  <inspection_tool class="SortModifiers" enabled="false" level="WEAK WARNING" enabled_by_default="false" />
  <inspection_tool class="StringLocalization" enabled="false" level="WARNING" enabled_by_default="false" />
  <inspection_tool class="SuspendFunctionOnCoroutineScope" enabled="false" level="WARNING" enabled_by_default="false" />
  <inspection_tool class="SuspiciousAsDynamic" enabled="false" level="WEAK WARNING" enabled_by_default="false" />
  <inspection_tool class="SuspiciousCollectionReassignment" enabled="false" level="WARNING" enabled_by_default="false" />
  <inspection_tool class="SuspiciousEqualsCombination" enabled="false" level="WEAK WARNING" enabled_by_default="false" />
  <inspection_tool class="SuspiciousVarProperty" enabled="false" level="WARNING" enabled_by_default="false" />
  <inspection_tool class="TestFunctionName" enabled="false" level="WEAK WARNING" enabled_by_default="false" />
  <inspection_tool class="TypeParameterFindViewById" enabled="false" level="WEAK WARNING" enabled_by_default="false" />
  <inspection_tool class="UnavailableInDeploymentTarget" enabled="false" level="WARNING" enabled_by_default="false" />
  <inspection_tool class="UnlabeledReturnInsideLambda" enabled="false" level="INFORMATION" enabled_by_default="false" />
  <inspection_tool class="UnnecessaryVariable" enabled="false" level="WEAK WARNING" enabled_by_default="false" />
  <inspection_tool class="UnresolvedCollectionMessage" enabled="false" level="WARNING" enabled_by_default="false" />
  <inspection_tool class="UnresolvedMessage" enabled="false" level="WARNING" enabled_by_default="false" />
  <inspection_tool class="UnsafeCastFromDynamic" enabled="false" level="INFO" enabled_by_default="false" />
  <inspection_tool class="UnusedEquals" enabled="false" level="WARNING" enabled_by_default="false" />
  <inspection_tool class="UnusedImportStatement" enabled="false" level="WARNING" enabled_by_default="false" />
  <inspection_tool class="UnusedLambdaExpressionBody" enabled="false" level="WARNING" enabled_by_default="false" />
  <inspection_tool class="UnusedMainParameter" enabled="false" level="WEAK WARNING" enabled_by_default="false" />
  <inspection_tool class="UnusedReceiverParameter" enabled="false" level="WARNING" enabled_by_default="false" />
  <inspection_tool class="UnusedSymbol" enabled="false" level="WARNING" enabled_by_default="false" />
  <inspection_tool class="UnusedUnaryOperator" enabled="false" level="WARNING" enabled_by_default="false" />
  <inspection_tool class="UseExpressionBody" enabled="false" level="INFORMATION" enabled_by_default="false" />
  <inspection_tool class="UsePropertyAccessSyntax" enabled="false" level="WEAK WARNING" enabled_by_default="false" />
  <inspection_tool class="UseWithIndex" enabled="false" level="INFO" enabled_by_default="false" />
  <inspection_tool class="UselessCallOnCollection" enabled="false" level="WARNING" enabled_by_default="false" />
  <inspection_tool class="UselessCallOnNotNull" enabled="false" level="WARNING" enabled_by_default="false" />
  <inspection_tool class="UsingZeroAsNil" enabled="false" level="WARNING" enabled_by_default="false" />
  <inspection_tool class="WrapUnaryOperator" enabled="false" level="WEAK WARNING" enabled_by_default="false" />
  <inspection_tool class="YAMLDuplicatedKeys" enabled="false" level="ERROR" enabled_by_default="false" />
  <inspection_tool class="YAMLRecursiveAlias" enabled="false" level="ERROR" enabled_by_default="false" />
  <inspection_tool class="YAMLSchemaDeprecation" enabled="false" level="WEAK WARNING" enabled_by_default="false" />
  <inspection_tool class="YAMLSchemaValidation" enabled="false" level="WARNING" enabled_by_default="false" />
  <inspection_tool class="YAMLUnresolvedAlias" enabled="false" level="ERROR" enabled_by_default="false" />
  <inspection_tool class="YAMLUnusedAnchor" enabled="false" level="WARNING" enabled_by_default="false" />
</profile>